ZIP,State,Year,Type,GEO display_label,Households,Poverty Households,ALICE Households,Above ALICE Households,County
32003,Florida,2023,Zip_Code,32003,11297,529,1614,9154,Clay County
32008,Florida,2023,Zip_Code,32008,2442,289,1058,1095,Suwannee County
32009,Florida,2023,Zip_Code,32009,1405,211,391,803,Nassau County
32011,Florida,2023,Zip_Code,32011,5915,709,1710,3496,Nassau County
32024,Florida,2023,Zip_Code,32024,7924,1181,2408,4335,Columbia County
32025,Florida,2023,Zip_Code,32025,8326,1572,3258,3496,Columbia County
32033,Florida,2023,Zip_Code,32033,2057,68,653,1336,St. Johns County
32034,Florida,2023,Zip_Code,32034,17718,1336,3949,12433,Nassau County
32038,Florida,2023,Zip_Code,32038,3894,608,1299,1987,Columbia County
32040,Florida,2023,Zip_Code,32040,2956,563,691,1702,Baker County
32043,Florida,2023,Zip_Code,32043,12342,1059,4022,7261,Clay County
32044,Florida,2023,Zip_Code,32044,890,221,367,302,Bradford County
32046,Florida,2023,Zip_Code,32046,3754,525,1116,2113,Nassau County
32052,Florida,2023,Zip_Code,32052,2339,607,712,1020,Hamilton County
32053,Florida,2023,Zip_Code,32053,1279,366,383,530,Hamilton County
32054,Florida,2023,Zip_Code,32054,3667,589,913,2165,Union County
32055,Florida,2023,Zip_Code,32055,6439,1029,2282,3128,Columbia County
32058,Florida,2023,Zip_Code,32058,1397,191,485,721,Bradford County
32059,Florida,2023,Zip_Code,32059,1191,196,467,528,Madison County
32060,Florida,2023,Zip_Code,32060,7715,925,2842,3948,Suwannee County
32062,Florida,2023,Zip_Code,32062,730,142,225,363,Suwannee County
32063,Florida,2023,Zip_Code,32063,4798,473,1561,2764,Baker County
32064,Florida,2023,Zip_Code,32064,2864,607,1068,1189,Suwannee County
32065,Florida,2023,Zip_Code,32065,14032,1343,3679,9010,Clay County
32066,Florida,2023,Zip_Code,32066,2090,389,654,1047,Lafayette County
32068,Florida,2023,Zip_Code,32068,20726,1783,6616,12327,Clay County
32071,Florida,2023,Zip_Code,32071,1311,236,498,577,Suwannee County
32073,Florida,2023,Zip_Code,32073,16462,1490,5973,8999,Clay County
32079,Florida,2023,Zip_Code,32079,139,7,72,60,Clay County
32080,Florida,2023,Zip_Code,32080,10360,906,3122,6332,St. Johns County
32081,Florida,2023,Zip_Code,32081,9526,512,1788,7226,St. Johns County
32082,Florida,2023,Zip_Code,32082,12602,694,2924,8984,St. Johns County
32083,Florida,2023,Zip_Code,32083,615,116,214,285,Union County
32084,Florida,2023,Zip_Code,32084,14514,2109,4795,7610,St. Johns County
32086,Florida,2023,Zip_Code,32086,13996,789,5694,7513,St. Johns County
32087,Florida,2023,Zip_Code,32087,1178,102,303,773,Baker County
32091,Florida,2023,Zip_Code,32091,5524,1475,1487,2562,Bradford County
32092,Florida,2023,Zip_Code,32092,16772,1044,3232,12496,St. Johns County
32094,Florida,2023,Zip_Code,32094,1088,97,341,650,Suwannee County
32095,Florida,2023,Zip_Code,32095,6432,323,1308,4801,St. Johns County
32096,Florida,2023,Zip_Code,32096,1238,171,462,605,Hamilton County
32097,Florida,2023,Zip_Code,32097,9281,891,1893,6497,Nassau County
32102,Florida,2023,Zip_Code,32102,1235,247,563,425,Lake County
32110,Florida,2023,Zip_Code,32110,3514,653,1353,1508,Flagler County
32112,Florida,2023,Zip_Code,32112,3077,959,1003,1115,Putnam County
32113,Florida,2023,Zip_Code,32113,2201,316,760,1125,Marion County
32114,Florida,2023,Zip_Code,32114,14905,3958,6342,4605,Volusia County
32117,Florida,2023,Zip_Code,32117,12546,2464,4995,5087,Volusia County
32118,Florida,2023,Zip_Code,32118,9859,1049,4020,4790,Volusia County
32119,Florida,2023,Zip_Code,32119,10867,1596,4726,4545,Volusia County
32124,Florida,2023,Zip_Code,32124,3162,166,584,2412,Volusia County
32127,Florida,2023,Zip_Code,32127,12989,1398,4887,6704,Volusia County
32128,Florida,2023,Zip_Code,32128,9319,782,2258,6279,Volusia County
32129,Florida,2023,Zip_Code,32129,10538,1335,3544,5659,Volusia County
32130,Florida,2023,Zip_Code,32130,1911,210,783,918,Volusia County
32131,Florida,2023,Zip_Code,32131,1785,233,434,1118,Putnam County
32132,Florida,2023,Zip_Code,32132,3795,522,1661,1612,Volusia County
32133,Florida,2023,Zip_Code,32133,220,0,33,187,Marion County
32134,Florida,2023,Zip_Code,32134,3202,671,1237,1294,Marion County
32136,Florida,2023,Zip_Code,32136,3982,360,1323,2299,Flagler County
32137,Florida,2023,Zip_Code,32137,20375,1628,6916,11831,Flagler County
32139,Florida,2023,Zip_Code,32139,333,33,116,184,Putnam County
32140,Florida,2023,Zip_Code,32140,620,229,147,244,Putnam County
32141,Florida,2023,Zip_Code,32141,8341,534,3684,4123,Volusia County
32145,Florida,2023,Zip_Code,32145,2083,341,604,1138,St. Johns County
32147,Florida,2023,Zip_Code,32147,693,118,315,260,Putnam County
32148,Florida,2023,Zip_Code,32148,4623,1188,1817,1618,Putnam County
32157,Florida,2023,Zip_Code,32157,349,64,195,90,Putnam County
32159,Florida,2023,Zip_Code,32159,16714,1607,7833,7274,Lake County
32162,Florida,2023,Zip_Code,32162,31444,1562,9329,20553,Sumter County
32163,Florida,2023,Zip_Code,32163,16690,930,3568,12192,Sumter County
32164,Florida,2023,Zip_Code,32164,21170,1845,7842,11483,Flagler County
32168,Florida,2023,Zip_Code,32168,14215,1521,4364,8330,Volusia County
32169,Florida,2023,Zip_Code,32169,5953,426,1501,4026,Volusia County
32174,Florida,2023,Zip_Code,32174,23922,2471,8662,12789,Volusia County
32176,Florida,2023,Zip_Code,32176,7115,706,2480,3929,Volusia County
32177,Florida,2023,Zip_Code,32177,10544,2598,3320,4626,Putnam County
32179,Florida,2023,Zip_Code,32179,3798,540,1735,1523,Marion County
32180,Florida,2023,Zip_Code,32180,1295,238,431,626,Volusia County
32181,Florida,2023,Zip_Code,32181,942,266,276,400,Putnam County
32187,Florida,2023,Zip_Code,32187,620,170,163,287,Putnam County
32189,Florida,2023,Zip_Code,32189,2713,474,1349,890,Putnam County
32190,Florida,2023,Zip_Code,32190,492,8,112,372,Volusia County
32193,Florida,2023,Zip_Code,32193,620,132,178,310,Putnam County
32195,Florida,2023,Zip_Code,32195,1354,187,465,702,Marion County
32202,Florida,2023,Zip_Code,32202,2384,785,835,764,Duval County
32204,Florida,2023,Zip_Code,32204,4700,984,1469,2247,Duval County
32205,Florida,2023,Zip_Code,32205,14379,1866,5172,7341,Duval County
32206,Florida,2023,Zip_Code,32206,7156,2391,2494,2271,Duval County
32207,Florida,2023,Zip_Code,32207,16336,2620,5321,8395,Duval County
32208,Florida,2023,Zip_Code,32208,13518,3770,5536,4212,Duval County
32209,Florida,2023,Zip_Code,32209,14336,4929,5981,3426,Duval County
32210,Florida,2023,Zip_Code,32210,26705,4268,9397,13040,Duval County
32211,Florida,2023,Zip_Code,32211,13850,2484,5081,6285,Duval County
32212,Florida,2023,Zip_Code,32212,179,38,91,50,Duval County
32216,Florida,2023,Zip_Code,32216,18286,3043,5658,9585,Duval County
32217,Florida,2023,Zip_Code,32217,8944,1128,2665,5151,Duval County
32218,Florida,2023,Zip_Code,32218,25154,3248,7560,14346,Duval County
32219,Florida,2023,Zip_Code,32219,5529,827,1699,3003,Duval County
32220,Florida,2023,Zip_Code,32220,4878,751,1058,3069,Duval County
32221,Florida,2023,Zip_Code,32221,10906,745,2773,7388,Duval County
32222,Florida,2023,Zip_Code,32222,6815,384,2015,4416,Duval County
32223,Florida,2023,Zip_Code,32223,10414,784,2487,7143,Duval County
32224,Florida,2023,Zip_Code,32224,15835,1290,3992,10553,Duval County
32225,Florida,2023,Zip_Code,32225,21729,2104,5603,14022,Duval County
32226,Florida,2023,Zip_Code,32226,7161,542,1308,5311,Duval County
32227,Florida,2023,Zip_Code,32227,565,39,84,442,Duval County
32233,Florida,2023,Zip_Code,32233,9919,854,2723,6342,Duval County
32234,Florida,2023,Zip_Code,32234,3128,236,801,2091,Duval County
32244,Florida,2023,Zip_Code,32244,24584,3684,8037,12863,Duval County
32246,Florida,2023,Zip_Code,32246,23897,2218,5741,15938,Duval County
32250,Florida,2023,Zip_Code,32250,12742,695,2787,9260,Duval County
32254,Florida,2023,Zip_Code,32254,5466,1498,2373,1595,Duval County
32256,Florida,2023,Zip_Code,32256,25681,2295,7334,16052,Duval County
32257,Florida,2023,Zip_Code,32257,17391,2061,4723,10607,Duval County
32258,Florida,2023,Zip_Code,32258,15773,1080,2999,11694,Duval County
32259,Florida,2023,Zip_Code,32259,22025,957,3257,17811,St. Johns County
32266,Florida,2023,Zip_Code,32266,3283,37,747,2499,Duval County
32277,Florida,2023,Zip_Code,32277,12971,2865,3496,6610,Duval County
32301,Florida,2023,Zip_Code,32301,14429,2836,5369,6224,Leon County
32303,Florida,2023,Zip_Code,32303,22200,3748,6845,11607,Leon County
32304,Florida,2023,Zip_Code,32304,18972,8645,6126,4201,Leon County
32305,Florida,2023,Zip_Code,32305,7582,1550,3075,2957,Leon County
32308,Florida,2023,Zip_Code,32308,11319,1160,3539,6620,Leon County
32309,Florida,2023,Zip_Code,32309,13116,734,2197,10185,Leon County
32310,Florida,2023,Zip_Code,32310,5967,1690,2399,1878,Leon County
32311,Florida,2023,Zip_Code,32311,9339,658,2584,6097,Leon County
32312,Florida,2023,Zip_Code,32312,12167,850,1548,9769,Leon County
32317,Florida,2023,Zip_Code,32317,5582,163,759,4660,Leon County
32320,Florida,2023,Zip_Code,32320,1702,271,616,815,Franklin County
32321,Florida,2023,Zip_Code,32321,1763,381,582,800,Liberty County
32322,Florida,2023,Zip_Code,32322,1269,221,411,637,Franklin County
32324,Florida,2023,Zip_Code,32324,1505,315,728,462,Gadsden County
32327,Florida,2023,Zip_Code,32327,10610,655,3771,6184,Wakulla County
32328,Florida,2023,Zip_Code,32328,1618,295,332,991,Franklin County
32330,Florida,2023,Zip_Code,32330,298,111,149,38,Gadsden County
32331,Florida,2023,Zip_Code,32331,1679,288,599,792,Madison County
32332,Florida,2023,Zip_Code,32332,459,130,213,116,Gadsden County
32333,Florida,2023,Zip_Code,32333,4786,746,1859,2181,Gadsden County
32334,Florida,2023,Zip_Code,32334,721,144,228,349,Liberty County
32336,Florida,2023,Zip_Code,32336,449,78,224,147,Jefferson County
32340,Florida,2023,Zip_Code,32340,3866,791,1496,1579,Madison County
32343,Florida,2023,Zip_Code,32343,1254,241,401,612,Gadsden County
32344,Florida,2023,Zip_Code,32344,5072,1190,1671,2211,Jefferson County
32346,Florida,2023,Zip_Code,32346,960,94,376,490,Wakulla County
32347,Florida,2023,Zip_Code,32347,2699,352,1157,1190,Taylor County
32348,Florida,2023,Zip_Code,32348,3986,668,1808,1510,Taylor County
32350,Florida,2023,Zip_Code,32350,608,120,277,211,Madison County
32351,Florida,2023,Zip_Code,32351,5882,1785,2155,1942,Gadsden County
32352,Florida,2023,Zip_Code,32352,2301,482,1091,728,Gadsden County
32355,Florida,2023,Zip_Code,32355,137,22,54,61,Wakulla County
32358,Florida,2023,Zip_Code,32358,781,33,293,455,Wakulla County
32359,Florida,2023,Zip_Code,32359,628,46,266,316,Taylor County
32361,Florida,2023,Zip_Code,32361,162,0,29,133,Jefferson County
32401,Florida,2023,Zip_Code,32401,8771,1577,3774,3420,Bay County
32404,Florida,2023,Zip_Code,32404,15804,1466,4953,9385,Bay County
32405,Florida,2023,Zip_Code,32405,12197,1570,3389,7238,Bay County
32407,Florida,2023,Zip_Code,32407,6613,376,1886,4351,Bay County
32408,Florida,2023,Zip_Code,32408,8949,1056,2564,5329,Bay County
32409,Florida,2023,Zip_Code,32409,4016,724,1244,2048,Bay County
32410,Florida,2023,Zip_Code,32410,253,22,99,132,Bay County
32413,Florida,2023,Zip_Code,32413,7575,515,2188,4872,Bay County
32420,Florida,2023,Zip_Code,32420,1191,124,590,477,Jackson County
32421,Florida,2023,Zip_Code,32421,1486,348,601,537,Calhoun County
32423,Florida,2023,Zip_Code,32423,517,49,289,179,Jackson County
32424,Florida,2023,Zip_Code,32424,2271,532,639,1100,Calhoun County
32425,Florida,2023,Zip_Code,32425,4832,891,2210,1731,Holmes County
32426,Florida,2023,Zip_Code,32426,245,32,141,72,Jackson County
32427,Florida,2023,Zip_Code,32427,382,134,85,163,Washington County
32428,Florida,2023,Zip_Code,32428,6382,1027,2450,2905,Washington County
32430,Florida,2023,Zip_Code,32430,370,70,115,185,Calhoun County
32431,Florida,2023,Zip_Code,32431,1989,351,667,971,Jackson County
32433,Florida,2023,Zip_Code,32433,6944,1302,2689,2953,Walton County
32435,Florida,2023,Zip_Code,32435,2556,433,874,1249,Walton County
32437,Florida,2023,Zip_Code,32437,247,77,74,96,Washington County
32438,Florida,2023,Zip_Code,32438,2002,571,777,654,Bay County
32439,Florida,2023,Zip_Code,32439,5928,510,1911,3507,Walton County
32440,Florida,2023,Zip_Code,32440,2272,414,789,1069,Jackson County
32442,Florida,2023,Zip_Code,32442,1367,387,506,474,Jackson County
32443,Florida,2023,Zip_Code,32443,1049,222,340,487,Jackson County
32444,Florida,2023,Zip_Code,32444,7678,481,1987,5210,Bay County
32445,Florida,2023,Zip_Code,32445,542,153,166,223,Jackson County
32446,Florida,2023,Zip_Code,32446,3852,453,1581,1818,Jackson County
32448,Florida,2023,Zip_Code,32448,3408,811,1472,1125,Jackson County
32449,Florida,2023,Zip_Code,32449,304,26,199,79,Calhoun County
32455,Florida,2023,Zip_Code,32455,1607,276,722,609,Walton County
32456,Florida,2023,Zip_Code,32456,3554,278,1216,2060,Gulf County
32459,Florida,2023,Zip_Code,32459,9285,645,1938,6702,Walton County
32460,Florida,2023,Zip_Code,32460,1573,249,651,673,Jackson County
32461,Florida,2023,Zip_Code,32461,1567,48,166,1353,Bay County
32462,Florida,2023,Zip_Code,32462,1341,222,543,576,Washington County
32464,Florida,2023,Zip_Code,32464,1574,306,637,631,Holmes County
32465,Florida,2023,Zip_Code,32465,2540,466,835,1239,Gulf County
32466,Florida,2023,Zip_Code,32466,2161,321,651,1189,Bay County
32501,Florida,2023,Zip_Code,32501,4686,1310,1503,1873,Escambia County
32502,Florida,2023,Zip_Code,32502,1996,303,607,1086,Escambia County
32503,Florida,2023,Zip_Code,32503,13057,1808,3929,7320,Escambia County
32504,Florida,2023,Zip_Code,32504,9763,739,3101,5923,Escambia County
32505,Florida,2023,Zip_Code,32505,10406,2422,4319,3665,Escambia County
32506,Florida,2023,Zip_Code,32506,14621,2108,5164,7349,Escambia County
32507,Florida,2023,Zip_Code,32507,13608,1811,3835,7962,Escambia County
32508,Florida,2023,Zip_Code,32508,500,66,155,279,Escambia County
32514,Florida,2023,Zip_Code,32514,17733,2372,5431,9930,Escambia County
32526,Florida,2023,Zip_Code,32526,17191,1899,4837,10455,Escambia County
32531,Florida,2023,Zip_Code,32531,3069,251,1045,1773,Okaloosa County
32533,Florida,2023,Zip_Code,32533,11447,1108,2651,7688,Escambia County
32534,Florida,2023,Zip_Code,32534,7035,1130,2444,3461,Escambia County
32535,Florida,2023,Zip_Code,32535,1645,383,678,584,Escambia County
32536,Florida,2023,Zip_Code,32536,8836,809,2463,5564,Okaloosa County
32539,Florida,2023,Zip_Code,32539,11498,1000,3514,6984,Okaloosa County
32541,Florida,2023,Zip_Code,32541,8366,666,2001,5699,Okaloosa County
32542,Florida,2023,Zip_Code,32542,968,53,359,556,Okaloosa County
32544,Florida,2023,Zip_Code,32544,544,28,372,144,Okaloosa County
32547,Florida,2023,Zip_Code,32547,14714,1433,5129,8152,Okaloosa County
32548,Florida,2023,Zip_Code,32548,10108,1435,3394,5279,Okaloosa County
32550,Florida,2023,Zip_Code,32550,4059,234,998,2827,Walton County
32561,Florida,2023,Zip_Code,32561,4179,228,822,3129,Escambia County
32563,Florida,2023,Zip_Code,32563,11423,665,2930,7828,Santa Rosa County
32564,Florida,2023,Zip_Code,32564,855,92,320,443,Okaloosa County
32565,Florida,2023,Zip_Code,32565,2063,285,604,1174,Santa Rosa County
32566,Florida,2023,Zip_Code,32566,15922,1136,3626,11160,Santa Rosa County
32567,Florida,2023,Zip_Code,32567,1713,229,558,926,Okaloosa County
32568,Florida,2023,Zip_Code,32568,1291,75,380,836,Escambia County
32569,Florida,2023,Zip_Code,32569,5214,353,1623,3238,Okaloosa County
32570,Florida,2023,Zip_Code,32570,14033,1743,4390,7900,Santa Rosa County
32571,Florida,2023,Zip_Code,32571,14302,1153,4145,9004,Santa Rosa County
32577,Florida,2023,Zip_Code,32577,1891,283,596,1012,Escambia County
32578,Florida,2023,Zip_Code,32578,13426,926,2445,10055,Okaloosa County
32579,Florida,2023,Zip_Code,32579,4525,333,1075,3117,Okaloosa County
32580,Florida,2023,Zip_Code,32580,1686,58,427,1201,Okaloosa County
32583,Florida,2023,Zip_Code,32583,10559,1105,2971,6483,Santa Rosa County
32601,Florida,2023,Zip_Code,32601,10113,4202,2750,3161,Alachua County
32603,Florida,2023,Zip_Code,32603,2200,1275,737,188,Alachua County
32605,Florida,2023,Zip_Code,32605,10904,824,3019,7061,Alachua County
32606,Florida,2023,Zip_Code,32606,10495,1110,2512,6873,Alachua County
32607,Florida,2023,Zip_Code,32607,14204,3651,4898,5655,Alachua County
32608,Florida,2023,Zip_Code,32608,22968,4631,6424,11913,Alachua County
32609,Florida,2023,Zip_Code,32609,7736,1439,3177,3120,Alachua County
32615,Florida,2023,Zip_Code,32615,6331,684,1378,4269,Alachua County
32617,Florida,2023,Zip_Code,32617,1500,413,347,740,Marion County
32618,Florida,2023,Zip_Code,32618,3258,558,1141,1559,Alachua County
32619,Florida,2023,Zip_Code,32619,1938,359,606,973,Gilchrist County
32621,Florida,2023,Zip_Code,32621,2306,488,774,1044,Levy County
32622,Florida,2023,Zip_Code,32622,565,174,94,297,Bradford County
32625,Florida,2023,Zip_Code,32625,679,114,216,349,Levy County
32626,Florida,2023,Zip_Code,32626,3694,503,1427,1764,Levy County
32628,Florida,2023,Zip_Code,32628,1613,369,533,711,Dixie County
32631,Florida,2023,Zip_Code,32631,138,11,64,63,Alachua County
32640,Florida,2023,Zip_Code,32640,4299,789,1171,2339,Putnam County
32641,Florida,2023,Zip_Code,32641,5157,1323,2203,1631,Alachua County
32643,Florida,2023,Zip_Code,32643,4011,502,1182,2327,Alachua County
32648,Florida,2023,Zip_Code,32648,107,17,66,24,Dixie County
32653,Florida,2023,Zip_Code,32653,6427,581,1540,4306,Alachua County
32656,Florida,2023,Zip_Code,32656,5680,722,1920,3038,Clay County
32664,Florida,2023,Zip_Code,32664,203,12,62,129,Marion County
32666,Florida,2023,Zip_Code,32666,2558,399,439,1720,Putnam County
32667,Florida,2023,Zip_Code,32667,1616,215,351,1050,Alachua County
32668,Florida,2023,Zip_Code,32668,2109,270,841,998,Levy County
32669,Florida,2023,Zip_Code,32669,6495,663,1290,4542,Alachua County
32680,Florida,2023,Zip_Code,32680,4106,703,1807,1596,Dixie County
32683,Florida,2023,Zip_Code,32683,121,8,29,84,Levy County
32686,Florida,2023,Zip_Code,32686,2305,682,783,840,Marion County
32693,Florida,2023,Zip_Code,32693,4377,507,1572,2298,Gilchrist County
32694,Florida,2023,Zip_Code,32694,1000,177,427,396,Alachua County
32696,Florida,2023,Zip_Code,32696,5592,930,1825,2837,Levy County
32701,Florida,2023,Zip_Code,32701,11171,1330,5294,4547,Seminole County
32702,Florida,2023,Zip_Code,32702,1233,239,590,404,Lake County
32703,Florida,2023,Zip_Code,32703,20496,2920,7034,10542,Orange County
32707,Florida,2023,Zip_Code,32707,16844,2166,6675,8003,Seminole County
32708,Florida,2023,Zip_Code,32708,19220,1454,5634,12132,Seminole County
32709,Florida,2023,Zip_Code,32709,637,95,156,386,Orange County
32712,Florida,2023,Zip_Code,32712,16262,1336,3758,11168,Orange County
32713,Florida,2023,Zip_Code,32713,9448,579,2546,6323,Volusia County
32714,Florida,2023,Zip_Code,32714,15240,1306,6709,7225,Seminole County
32720,Florida,2023,Zip_Code,32720,12701,1663,4397,6641,Volusia County
32724,Florida,2023,Zip_Code,32724,17083,2036,5453,9594,Volusia County
32725,Florida,2023,Zip_Code,32725,18465,1911,6133,10421,Volusia County
32726,Florida,2023,Zip_Code,32726,9835,1584,4013,4238,Lake County
32730,Florida,2023,Zip_Code,32730,2871,453,1333,1085,Seminole County
32732,Florida,2023,Zip_Code,32732,1794,99,277,1418,Seminole County
32735,Florida,2023,Zip_Code,32735,2101,65,979,1057,Lake County
32736,Florida,2023,Zip_Code,32736,4192,299,1280,2613,Lake County
32738,Florida,2023,Zip_Code,32738,16224,1652,4827,9745,Volusia County
32744,Florida,2023,Zip_Code,32744,1281,98,375,808,Volusia County
32746,Florida,2023,Zip_Code,32746,18900,865,5127,12908,Seminole County
32750,Florida,2023,Zip_Code,32750,9971,878,3200,5893,Seminole County
32751,Florida,2023,Zip_Code,32751,9991,1004,2732,6255,Orange County
32754,Florida,2023,Zip_Code,32754,4498,556,1536,2406,Brevard County
32757,Florida,2023,Zip_Code,32757,13103,1623,4552,6928,Lake County
32759,Florida,2023,Zip_Code,32759,1097,187,322,588,Volusia County
32763,Florida,2023,Zip_Code,32763,10916,1424,3919,5573,Volusia County
32764,Florida,2023,Zip_Code,32764,1180,66,281,833,Volusia County
32765,Florida,2023,Zip_Code,32765,22207,2182,5906,14119,Seminole County
32766,Florida,2023,Zip_Code,32766,5003,298,730,3975,Seminole County
32767,Florida,2023,Zip_Code,32767,1017,137,432,448,Lake County
32771,Florida,2023,Zip_Code,32771,22242,2416,8175,11651,Seminole County
32773,Florida,2023,Zip_Code,32773,12619,1588,5319,5712,Seminole County
32776,Florida,2023,Zip_Code,32776,4501,242,1040,3219,Lake County
32778,Florida,2023,Zip_Code,32778,11130,1279,4847,5004,Lake County
32779,Florida,2023,Zip_Code,32779,11151,592,2353,8206,Seminole County
32780,Florida,2023,Zip_Code,32780,16186,1617,6630,7939,Brevard County
32784,Florida,2023,Zip_Code,32784,3972,494,1586,1892,Lake County
32789,Florida,2023,Zip_Code,32789,11681,1359,3049,7273,Orange County
32792,Florida,2023,Zip_Code,32792,22295,3199,8334,10762,Orange County
32796,Florida,2023,Zip_Code,32796,8193,713,3075,4405,Brevard County
32798,Florida,2023,Zip_Code,32798,1140,85,551,504,Orange County
32801,Florida,2023,Zip_Code,32801,10146,1813,2858,5475,Orange County
32803,Florida,2023,Zip_Code,32803,11145,839,2736,7570,Orange County
32804,Florida,2023,Zip_Code,32804,9142,624,2298,6220,Orange County
32805,Florida,2023,Zip_Code,32805,7077,1586,3344,2147,Orange County
32806,Florida,2023,Zip_Code,32806,11486,1218,3509,6759,Orange County
32807,Florida,2023,Zip_Code,32807,12867,1628,5990,5249,Orange County
32808,Florida,2023,Zip_Code,32808,19845,4079,9399,6367,Orange County
32809,Florida,2023,Zip_Code,32809,9531,1604,4273,3654,Orange County
32810,Florida,2023,Zip_Code,32810,13584,2457,5188,5939,Orange County
32811,Florida,2023,Zip_Code,32811,14229,2482,6557,5190,Orange County
32812,Florida,2023,Zip_Code,32812,14014,1939,4563,7512,Orange County
32814,Florida,2023,Zip_Code,32814,4224,205,737,3282,Orange County
32817,Florida,2023,Zip_Code,32817,12205,2013,3494,6698,Orange County
32818,Florida,2023,Zip_Code,32818,17886,3165,7063,7658,Orange County
32819,Florida,2023,Zip_Code,32819,11073,969,2902,7202,Orange County
32820,Florida,2023,Zip_Code,32820,3425,600,551,2274,Orange County
32821,Florida,2023,Zip_Code,32821,9350,1045,4319,3986,Orange County
32822,Florida,2023,Zip_Code,32822,24573,4609,11181,8783,Orange County
32824,Florida,2023,Zip_Code,32824,17283,1478,5644,10161,Orange County
32825,Florida,2023,Zip_Code,32825,20590,2452,6560,11578,Orange County
32826,Florida,2023,Zip_Code,32826,9738,1966,3411,4361,Orange County
32827,Florida,2023,Zip_Code,32827,6563,248,1451,4864,Orange County
32828,Florida,2023,Zip_Code,32828,24531,2192,5560,16779,Orange County
32829,Florida,2023,Zip_Code,32829,6567,389,1782,4396,Orange County
32832,Florida,2023,Zip_Code,32832,11881,773,2347,8761,Orange County
32833,Florida,2023,Zip_Code,32833,3587,391,862,2334,Orange County
32835,Florida,2023,Zip_Code,32835,17978,2534,6337,9107,Orange County
32836,Florida,2023,Zip_Code,32836,9040,949,2008,6083,Orange County
32837,Florida,2023,Zip_Code,32837,16968,1909,4973,10086,Orange County
32839,Florida,2023,Zip_Code,32839,18887,4010,8171,6706,Orange County
32901,Florida,2023,Zip_Code,32901,11363,2092,4702,4569,Brevard County
32903,Florida,2023,Zip_Code,32903,6043,362,1480,4201,Brevard County
32904,Florida,2023,Zip_Code,32904,13863,956,4130,8777,Brevard County
32905,Florida,2023,Zip_Code,32905,10655,1339,5111,4205,Brevard County
32907,Florida,2023,Zip_Code,32907,16603,1641,5866,9096,Brevard County
32908,Florida,2023,Zip_Code,32908,4856,375,2000,2481,Brevard County
32909,Florida,2023,Zip_Code,32909,13235,1423,4283,7529,Brevard County
32920,Florida,2023,Zip_Code,32920,5894,569,2271,3054,Brevard County
32922,Florida,2023,Zip_Code,32922,6966,1035,3406,2525,Brevard County
32925,Florida,2023,Zip_Code,32925,513,73,130,310,Brevard County
32926,Florida,2023,Zip_Code,32926,9395,1290,3551,4554,Brevard County
32927,Florida,2023,Zip_Code,32927,10613,1103,3345,6165,Brevard County
32931,Florida,2023,Zip_Code,32931,7298,629,2289,4380,Brevard County
32934,Florida,2023,Zip_Code,32934,7625,514,1909,5202,Brevard County
32935,Florida,2023,Zip_Code,32935,18125,2226,7139,8760,Brevard County
32937,Florida,2023,Zip_Code,32937,11338,808,2956,7574,Brevard County
32940,Florida,2023,Zip_Code,32940,20206,792,4865,14549,Brevard County
32948,Florida,2023,Zip_Code,32948,1723,166,748,809,Indian River County
32949,Florida,2023,Zip_Code,32949,1043,31,251,761,Brevard County
32950,Florida,2023,Zip_Code,32950,1844,81,393,1370,Brevard County
32951,Florida,2023,Zip_Code,32951,5852,383,1937,3532,Brevard County
32952,Florida,2023,Zip_Code,32952,8586,596,2257,5733,Brevard County
32953,Florida,2023,Zip_Code,32953,9611,1090,2843,5678,Brevard County
32955,Florida,2023,Zip_Code,32955,16506,1030,4923,10553,Brevard County
32958,Florida,2023,Zip_Code,32958,13364,1088,5229,7047,Indian River County
32960,Florida,2023,Zip_Code,32960,9670,1492,4145,4033,Indian River County
32962,Florida,2023,Zip_Code,32962,10076,935,3950,5191,Indian River County
32963,Florida,2023,Zip_Code,32963,7831,519,1218,6094,Indian River County
32966,Florida,2023,Zip_Code,32966,9668,1116,3625,4927,Indian River County
32967,Florida,2023,Zip_Code,32967,10444,1658,3121,5665,Indian River County
32968,Florida,2023,Zip_Code,32968,5829,377,1739,3713,Indian River County
32976,Florida,2023,Zip_Code,32976,5144,611,2722,1811,Brevard County
33001,Florida,2023,Zip_Code,33001,131,6,74,51,Monroe County
33004,Florida,2023,Zip_Code,33004,7621,1583,3173,2865,Broward County
33009,Florida,2023,Zip_Code,33009,20826,4628,8986,7212,Broward County
33010,Florida,2023,Zip_Code,33010,15845,3990,7768,4087,Miami-Dade County
33012,Florida,2023,Zip_Code,33012,25275,6115,12058,7102,Miami-Dade County
33013,Florida,2023,Zip_Code,33013,9232,2184,3527,3521,Miami-Dade County
33014,Florida,2023,Zip_Code,33014,14731,1933,5950,6848,Miami-Dade County
33015,Florida,2023,Zip_Code,33015,23010,2813,9679,10518,Miami-Dade County
33016,Florida,2023,Zip_Code,33016,15693,2791,7319,5583,Miami-Dade County
33018,Florida,2023,Zip_Code,33018,17594,1934,5769,9891,Miami-Dade County
33019,Florida,2023,Zip_Code,33019,6201,609,1928,3664,Broward County
33020,Florida,2023,Zip_Code,33020,19568,3172,9886,6510,Broward County
33021,Florida,2023,Zip_Code,33021,19689,2242,7990,9457,Broward County
33023,Florida,2023,Zip_Code,33023,20995,2512,8771,9712,Broward County
33024,Florida,2023,Zip_Code,33024,25063,3075,9401,12587,Broward County
33025,Florida,2023,Zip_Code,33025,28577,3420,12325,12832,Broward County
33026,Florida,2023,Zip_Code,33026,12082,1506,3724,6852,Broward County
33027,Florida,2023,Zip_Code,33027,25542,4712,8139,12691,Broward County
33028,Florida,2023,Zip_Code,33028,9060,617,2006,6437,Broward County
33029,Florida,2023,Zip_Code,33029,13575,504,1822,11249,Broward County
33030,Florida,2023,Zip_Code,33030,10704,3261,4284,3159,Miami-Dade County
33031,Florida,2023,Zip_Code,33031,2324,227,367,1730,Miami-Dade County
33032,Florida,2023,Zip_Code,33032,18300,3004,6841,8455,Miami-Dade County
33033,Florida,2023,Zip_Code,33033,20690,3373,8758,8559,Miami-Dade County
33034,Florida,2023,Zip_Code,33034,6067,1695,2612,1760,Miami-Dade County
33035,Florida,2023,Zip_Code,33035,6304,680,2982,2642,Miami-Dade County
33036,Florida,2023,Zip_Code,33036,1660,113,619,928,Monroe County
33037,Florida,2023,Zip_Code,33037,5806,783,2034,2989,Monroe County
33040,Florida,2023,Zip_Code,33040,15049,1631,5888,7530,Monroe County
33042,Florida,2023,Zip_Code,33042,2974,275,858,1841,Monroe County
33043,Florida,2023,Zip_Code,33043,1982,200,722,1060,Monroe County
33050,Florida,2023,Zip_Code,33050,4268,366,1687,2215,Monroe County
33051,Florida,2023,Zip_Code,33051,307,18,118,171,Monroe County
33054,Florida,2023,Zip_Code,33054,9709,2521,4687,2501,Miami-Dade County
33055,Florida,2023,Zip_Code,33055,11641,1690,5479,4472,Miami-Dade County
33056,Florida,2023,Zip_Code,33056,11706,1690,5613,4403,Miami-Dade County
33060,Florida,2023,Zip_Code,33060,13727,2396,5748,5583,Broward County
33062,Florida,2023,Zip_Code,33062,14390,1508,4789,8093,Broward County
33063,Florida,2023,Zip_Code,33063,24591,2902,11381,10308,Broward County
33064,Florida,2023,Zip_Code,33064,23546,3304,10053,10189,Broward County
33065,Florida,2023,Zip_Code,33065,20140,2468,8191,9481,Broward County
33066,Florida,2023,Zip_Code,33066,8483,1180,4128,3175,Broward County
33067,Florida,2023,Zip_Code,33067,8522,326,1852,6344,Broward County
33068,Florida,2023,Zip_Code,33068,18626,2404,8295,7927,Broward County
33069,Florida,2023,Zip_Code,33069,12081,1709,5645,4727,Broward County
33070,Florida,2023,Zip_Code,33070,2443,214,1052,1177,Monroe County
33071,Florida,2023,Zip_Code,33071,13432,823,3830,8779,Broward County
33073,Florida,2023,Zip_Code,33073,11975,1119,3348,7508,Broward County
33076,Florida,2023,Zip_Code,33076,13393,517,1521,11355,Broward County
33109,Florida,2023,Zip_Code,33109,367,0,57,310,Miami-Dade County
33122,Florida,2023,Zip_Code,33122,836,38,392,406,Miami-Dade County
33125,Florida,2023,Zip_Code,33125,21512,5987,9935,5590,Miami-Dade County
33126,Florida,2023,Zip_Code,33126,18353,3285,8809,6259,Miami-Dade County
33127,Florida,2023,Zip_Code,33127,9398,3022,3973,2403,Miami-Dade County
33128,Florida,2023,Zip_Code,33128,4229,1055,2364,810,Miami-Dade County
33129,Florida,2023,Zip_Code,33129,6946,539,2300,4107,Miami-Dade County
33130,Florida,2023,Zip_Code,33130,17027,3973,6723,6331,Miami-Dade County
33131,Florida,2023,Zip_Code,33131,13125,743,2506,9876,Miami-Dade County
33132,Florida,2023,Zip_Code,33132,9699,1002,2331,6366,Miami-Dade County
33133,Florida,2023,Zip_Code,33133,14897,1803,4740,8354,Miami-Dade County
33134,Florida,2023,Zip_Code,33134,16096,1850,5386,8860,Miami-Dade County
33135,Florida,2023,Zip_Code,33135,14745,4635,6709,3401,Miami-Dade County
33136,Florida,2023,Zip_Code,33136,7123,1929,3501,1693,Miami-Dade County
33137,Florida,2023,Zip_Code,33137,12545,1228,4774,6543,Miami-Dade County
33138,Florida,2023,Zip_Code,33138,12544,1541,5169,5834,Miami-Dade County
33139,Florida,2023,Zip_Code,33139,19569,3292,8250,8027,Miami-Dade County
33140,Florida,2023,Zip_Code,33140,8373,891,2602,4880,Miami-Dade County
33141,Florida,2023,Zip_Code,33141,16640,2378,7517,6745,Miami-Dade County
33142,Florida,2023,Zip_Code,33142,20369,6161,10571,3637,Miami-Dade County
33143,Florida,2023,Zip_Code,33143,13821,2087,4432,7302,Miami-Dade County
33144,Florida,2023,Zip_Code,33144,9135,1440,3891,3804,Miami-Dade County
33145,Florida,2023,Zip_Code,33145,11696,1451,5199,5046,Miami-Dade County
33146,Florida,2023,Zip_Code,33146,5828,749,963,4116,Miami-Dade County
33147,Florida,2023,Zip_Code,33147,14823,3521,7086,4216,Miami-Dade County
33149,Florida,2023,Zip_Code,33149,5003,396,1071,3536,Miami-Dade County
33150,Florida,2023,Zip_Code,33150,11181,3293,5157,2731,Miami-Dade County
33154,Florida,2023,Zip_Code,33154,5592,805,1687,3100,Miami-Dade County
33155,Florida,2023,Zip_Code,33155,15073,1899,5291,7883,Miami-Dade County
33156,Florida,2023,Zip_Code,33156,12124,1106,3258,7760,Miami-Dade County
33157,Florida,2023,Zip_Code,33157,21641,2863,7473,11305,Miami-Dade County
33158,Florida,2023,Zip_Code,33158,2070,40,237,1793,Miami-Dade County
33160,Florida,2023,Zip_Code,33160,20048,3225,8304,8519,Miami-Dade County
33161,Florida,2023,Zip_Code,33161,17261,2927,8319,6015,Miami-Dade County
33162,Florida,2023,Zip_Code,33162,15303,2525,7639,5139,Miami-Dade County
33165,Florida,2023,Zip_Code,33165,17337,1820,6315,9202,Miami-Dade County
33166,Florida,2023,Zip_Code,33166,10131,1560,3548,5023,Miami-Dade County
33167,Florida,2023,Zip_Code,33167,6664,1296,2954,2414,Miami-Dade County
33168,Florida,2023,Zip_Code,33168,6426,972,3190,2264,Miami-Dade County
33169,Florida,2023,Zip_Code,33169,13675,2004,7072,4599,Miami-Dade County
33170,Florida,2023,Zip_Code,33170,4438,745,1701,1992,Miami-Dade County
33172,Florida,2023,Zip_Code,33172,14570,1994,7094,5482,Miami-Dade County
33173,Florida,2023,Zip_Code,33173,11627,1488,3918,6221,Miami-Dade County
33174,Florida,2023,Zip_Code,33174,11129,1809,4994,4326,Miami-Dade County
33175,Florida,2023,Zip_Code,33175,17203,2107,6408,8688,Miami-Dade County
33176,Florida,2023,Zip_Code,33176,19266,2152,6915,10199,Miami-Dade County
33177,Florida,2023,Zip_Code,33177,16735,2285,6030,8420,Miami-Dade County
33178,Florida,2023,Zip_Code,33178,20016,2098,6766,11152,Miami-Dade County
33179,Florida,2023,Zip_Code,33179,19009,2766,9083,7160,Miami-Dade County
33180,Florida,2023,Zip_Code,33180,13741,1565,4784,7392,Miami-Dade County
33181,Florida,2023,Zip_Code,33181,8547,1253,4298,2996,Miami-Dade County
33182,Florida,2023,Zip_Code,33182,4172,548,1180,2444,Miami-Dade County
33183,Florida,2023,Zip_Code,33183,12408,1811,5363,5234,Miami-Dade County
33184,Florida,2023,Zip_Code,33184,6500,917,2333,3250,Miami-Dade County
33185,Florida,2023,Zip_Code,33185,9064,1114,2135,5815,Miami-Dade County
33186,Florida,2023,Zip_Code,33186,23560,3116,7654,12790,Miami-Dade County
33187,Florida,2023,Zip_Code,33187,5737,480,1422,3835,Miami-Dade County
33189,Florida,2023,Zip_Code,33189,8549,1250,3653,3646,Miami-Dade County
33190,Florida,2023,Zip_Code,33190,5506,555,2300,2651,Miami-Dade County
33193,Florida,2023,Zip_Code,33193,15820,2246,5953,7621,Miami-Dade County
33194,Florida,2023,Zip_Code,33194,1865,16,414,1435,Miami-Dade County
33196,Florida,2023,Zip_Code,33196,17298,1625,5859,9814,Miami-Dade County
33301,Florida,2023,Zip_Code,33301,10759,940,2361,7458,Broward County
33304,Florida,2023,Zip_Code,33304,9747,973,3376,5398,Broward County
33305,Florida,2023,Zip_Code,33305,6965,483,2462,4020,Broward County
33306,Florida,2023,Zip_Code,33306,1621,165,490,966,Broward County
33308,Florida,2023,Zip_Code,33308,15052,1369,5277,8406,Broward County
33309,Florida,2023,Zip_Code,33309,13755,1836,5312,6607,Broward County
33311,Florida,2023,Zip_Code,33311,24527,5785,11364,7378,Broward County
33312,Florida,2023,Zip_Code,33312,18829,2302,6959,9568,Broward County
33313,Florida,2023,Zip_Code,33313,22536,5600,10727,6209,Broward County
33314,Florida,2023,Zip_Code,33314,11236,2199,4410,4627,Broward County
33315,Florida,2023,Zip_Code,33315,5683,789,1458,3436,Broward County
33316,Florida,2023,Zip_Code,33316,6172,711,1935,3526,Broward County
33317,Florida,2023,Zip_Code,33317,12817,1349,4122,7346,Broward County
33319,Florida,2023,Zip_Code,33319,20985,2921,10031,8033,Broward County
33321,Florida,2023,Zip_Code,33321,22009,2866,10410,8733,Broward County
33322,Florida,2023,Zip_Code,33322,18659,2906,6788,8965,Broward County
33323,Florida,2023,Zip_Code,33323,8473,604,2209,5660,Broward County
33324,Florida,2023,Zip_Code,33324,20276,2353,6864,11059,Broward County
33325,Florida,2023,Zip_Code,33325,10490,1063,3360,6067,Broward County
33326,Florida,2023,Zip_Code,33326,11157,739,2535,7883,Broward County
33327,Florida,2023,Zip_Code,33327,6524,245,825,5454,Broward County
33328,Florida,2023,Zip_Code,33328,10141,660,2353,7128,Broward County
33330,Florida,2023,Zip_Code,33330,4634,239,804,3591,Broward County
33331,Florida,2023,Zip_Code,33331,7765,269,1402,6094,Broward County
33332,Florida,2023,Zip_Code,33332,3467,118,595,2754,Broward County
33334,Florida,2023,Zip_Code,33334,12905,1660,5353,5892,Broward County
33351,Florida,2023,Zip_Code,33351,12724,1449,5458,5817,Broward County
33401,Florida,2023,Zip_Code,33401,14832,2303,6519,6010,Palm Beach County
33403,Florida,2023,Zip_Code,33403,5009,625,2321,2063,Palm Beach County
33404,Florida,2023,Zip_Code,33404,11590,2206,4947,4437,Palm Beach County
33405,Florida,2023,Zip_Code,33405,8286,1322,2751,4213,Palm Beach County
33406,Florida,2023,Zip_Code,33406,8595,894,3600,4101,Palm Beach County
33407,Florida,2023,Zip_Code,33407,12804,2694,5916,4194,Palm Beach County
33408,Florida,2023,Zip_Code,33408,9756,840,3409,5507,Palm Beach County
33409,Florida,2023,Zip_Code,33409,11949,1630,5707,4612,Palm Beach County
33410,Florida,2023,Zip_Code,33410,15327,1028,5035,9264,Palm Beach County
33411,Florida,2023,Zip_Code,33411,28173,2308,10189,15676,Palm Beach County
33412,Florida,2023,Zip_Code,33412,5656,184,1280,4192,Palm Beach County
33413,Florida,2023,Zip_Code,33413,5649,678,2146,2825,Palm Beach County
33414,Florida,2023,Zip_Code,33414,20513,1014,6171,13328,Palm Beach County
33415,Florida,2023,Zip_Code,33415,18427,3016,9452,5959,Palm Beach County
33417,Florida,2023,Zip_Code,33417,16470,2892,8394,5184,Palm Beach County
33418,Florida,2023,Zip_Code,33418,18505,1112,4832,12561,Palm Beach County
33426,Florida,2023,Zip_Code,33426,11024,937,4836,5251,Palm Beach County
33428,Florida,2023,Zip_Code,33428,16021,1564,5870,8587,Palm Beach County
33430,Florida,2023,Zip_Code,33430,6229,1818,2717,1694,Palm Beach County
33431,Florida,2023,Zip_Code,33431,7597,994,2019,4584,Palm Beach County
33432,Florida,2023,Zip_Code,33432,10637,1185,3354,6098,Palm Beach County
33433,Florida,2023,Zip_Code,33433,20579,1831,7862,10886,Palm Beach County
33434,Florida,2023,Zip_Code,33434,10686,1077,4082,5527,Palm Beach County
33435,Florida,2023,Zip_Code,33435,14523,1798,6514,6211,Palm Beach County
33436,Florida,2023,Zip_Code,33436,19780,1987,8077,9716,Palm Beach County
33437,Florida,2023,Zip_Code,33437,18091,1408,6982,9701,Palm Beach County
33438,Florida,2023,Zip_Code,33438,184,20,67,97,Palm Beach County
33440,Florida,2023,Zip_Code,33440,7391,1310,2434,3647,Hendry County
33441,Florida,2023,Zip_Code,33441,12658,2603,5074,4981,Broward County
33442,Florida,2023,Zip_Code,33442,15101,2320,7183,5598,Broward County
33444,Florida,2023,Zip_Code,33444,8885,1446,3362,4077,Palm Beach County
33445,Florida,2023,Zip_Code,33445,13987,1298,6068,6621,Palm Beach County
33446,Florida,2023,Zip_Code,33446,14399,1673,5300,7426,Palm Beach County
33449,Florida,2023,Zip_Code,33449,3209,319,462,2428,Palm Beach County
33455,Florida,2023,Zip_Code,33455,9458,1052,3420,4986,Martin County
33458,Florida,2023,Zip_Code,33458,20944,1360,6312,13272,Palm Beach County
33460,Florida,2023,Zip_Code,33460,12945,2227,6067,4651,Palm Beach County
33461,Florida,2023,Zip_Code,33461,15800,2607,7268,5925,Palm Beach County
33462,Florida,2023,Zip_Code,33462,12673,1361,5539,5773,Palm Beach County
33463,Florida,2023,Zip_Code,33463,20614,2649,9011,8954,Palm Beach County
33467,Florida,2023,Zip_Code,33467,22489,2032,7580,12877,Palm Beach County
33469,Florida,2023,Zip_Code,33469,6659,507,1959,4193,Palm Beach County
33470,Florida,2023,Zip_Code,33470,10877,557,2852,7468,Palm Beach County
33471,Florida,2023,Zip_Code,33471,2318,641,999,678,Glades County
33472,Florida,2023,Zip_Code,33472,7984,601,2351,5032,Palm Beach County
33473,Florida,2023,Zip_Code,33473,4238,239,788,3211,Palm Beach County
33476,Florida,2023,Zip_Code,33476,2047,699,878,470,Palm Beach County
33477,Florida,2023,Zip_Code,33477,6796,710,1774,4312,Palm Beach County
33478,Florida,2023,Zip_Code,33478,5277,252,1178,3847,Palm Beach County
33480,Florida,2023,Zip_Code,33480,6450,526,1189,4735,Palm Beach County
33483,Florida,2023,Zip_Code,33483,6573,471,1698,4404,Palm Beach County
33484,Florida,2023,Zip_Code,33484,14063,1379,7324,5360,Palm Beach County
33486,Florida,2023,Zip_Code,33486,8989,768,2650,5571,Palm Beach County
33487,Florida,2023,Zip_Code,33487,9932,642,3259,6031,Palm Beach County
33493,Florida,2023,Zip_Code,33493,821,258,340,223,Palm Beach County
33496,Florida,2023,Zip_Code,33496,10547,1451,2426,6670,Palm Beach County
33498,Florida,2023,Zip_Code,33498,5598,181,1477,3940,Palm Beach County
33510,Florida,2023,Zip_Code,33510,11337,1151,4565,5621,Hillsborough County
33511,Florida,2023,Zip_Code,33511,22685,2991,7293,12401,Hillsborough County
33513,Florida,2023,Zip_Code,33513,4495,504,1901,2090,Sumter County
33514,Florida,2023,Zip_Code,33514,779,187,197,395,Sumter County
33521,Florida,2023,Zip_Code,33521,244,23,111,110,Sumter County
33523,Florida,2023,Zip_Code,33523,6899,801,3258,2840,Pasco County
33525,Florida,2023,Zip_Code,33525,7760,913,3135,3712,Pasco County
33527,Florida,2023,Zip_Code,33527,5318,1007,1531,2780,Hillsborough County
33534,Florida,2023,Zip_Code,33534,5739,1033,1783,2923,Hillsborough County
33538,Florida,2023,Zip_Code,33538,2702,555,1138,1009,Sumter County
33540,Florida,2023,Zip_Code,33540,4745,786,2354,1605,Pasco County
33541,Florida,2023,Zip_Code,33541,10543,1358,5090,4095,Pasco County
33542,Florida,2023,Zip_Code,33542,10421,1578,5640,3203,Pasco County
33543,Florida,2023,Zip_Code,33543,13025,972,3715,8338,Pasco County
33544,Florida,2023,Zip_Code,33544,9798,664,2785,6349,Pasco County
33545,Florida,2023,Zip_Code,33545,8334,680,2205,5449,Pasco County
33547,Florida,2023,Zip_Code,33547,9571,785,1878,6908,Hillsborough County
33548,Florida,2023,Zip_Code,33548,2933,156,587,2190,Hillsborough County
33549,Florida,2023,Zip_Code,33549,7233,663,2366,4204,Hillsborough County
33556,Florida,2023,Zip_Code,33556,11637,580,1648,9409,Hillsborough County
33558,Florida,2023,Zip_Code,33558,11179,644,3115,7420,Hillsborough County
33559,Florida,2023,Zip_Code,33559,7036,867,2266,3903,Hillsborough County
33563,Florida,2023,Zip_Code,33563,9890,1582,4365,3943,Hillsborough County
33565,Florida,2023,Zip_Code,33565,6227,715,2390,3122,Hillsborough County
33566,Florida,2023,Zip_Code,33566,7959,959,2901,4099,Hillsborough County
33567,Florida,2023,Zip_Code,33567,3851,383,1298,2170,Hillsborough County
33569,Florida,2023,Zip_Code,33569,9842,1173,2445,6224,Hillsborough County
33570,Florida,2023,Zip_Code,33570,11754,1368,4407,5979,Hillsborough County
33572,Florida,2023,Zip_Code,33572,9666,529,2120,7017,Hillsborough County
33573,Florida,2023,Zip_Code,33573,15251,1591,6057,7603,Hillsborough County
33576,Florida,2023,Zip_Code,33576,2873,217,1102,1554,Pasco County
33578,Florida,2023,Zip_Code,33578,23808,2733,7869,13206,Hillsborough County
33579,Florida,2023,Zip_Code,33579,14459,687,3292,10480,Hillsborough County
33584,Florida,2023,Zip_Code,33584,10077,1472,3824,4781,Hillsborough County
33585,Florida,2023,Zip_Code,33585,470,49,141,280,Sumter County
33592,Florida,2023,Zip_Code,33592,4275,644,1687,1944,Hillsborough County
33594,Florida,2023,Zip_Code,33594,13202,1295,3664,8243,Hillsborough County
33596,Florida,2023,Zip_Code,33596,10034,424,2120,7490,Hillsborough County
33597,Florida,2023,Zip_Code,33597,3574,665,1221,1688,Sumter County
33598,Florida,2023,Zip_Code,33598,9286,857,2740,5689,Hillsborough County
33602,Florida,2023,Zip_Code,33602,10787,2153,2607,6027,Hillsborough County
33603,Florida,2023,Zip_Code,33603,8709,1235,3360,4114,Hillsborough County
33604,Florida,2023,Zip_Code,33604,15521,3145,6330,6046,Hillsborough County
33605,Florida,2023,Zip_Code,33605,7451,2435,2912,2104,Hillsborough County
33606,Florida,2023,Zip_Code,33606,9367,803,2297,6267,Hillsborough County
33607,Florida,2023,Zip_Code,33607,11575,2020,4242,5313,Hillsborough County
33609,Florida,2023,Zip_Code,33609,8357,889,2045,5423,Hillsborough County
33610,Florida,2023,Zip_Code,33610,16467,3642,7290,5535,Hillsborough County
33611,Florida,2023,Zip_Code,33611,17247,1235,6306,9706,Hillsborough County
33612,Florida,2023,Zip_Code,33612,19058,5755,7643,5660,Hillsborough County
33613,Florida,2023,Zip_Code,33613,15877,4289,7115,4473,Hillsborough County
33614,Florida,2023,Zip_Code,33614,18058,2891,9120,6047,Hillsborough County
33615,Florida,2023,Zip_Code,33615,18881,2570,7532,8779,Hillsborough County
33616,Florida,2023,Zip_Code,33616,6488,625,1873,3990,Hillsborough County
33617,Florida,2023,Zip_Code,33617,20004,4127,9118,6759,Hillsborough County
33618,Florida,2023,Zip_Code,33618,11737,703,4423,6611,Hillsborough County
33619,Florida,2023,Zip_Code,33619,14271,2319,5661,6291,Hillsborough County
33621,Florida,2023,Zip_Code,33621,490,0,97,393,Hillsborough County
33624,Florida,2023,Zip_Code,33624,15337,1190,5373,8774,Hillsborough County
33625,Florida,2023,Zip_Code,33625,11508,1337,3495,6676,Hillsborough County
33626,Florida,2023,Zip_Code,33626,11778,863,2238,8677,Hillsborough County
33629,Florida,2023,Zip_Code,33629,10465,493,1905,8067,Hillsborough County
33634,Florida,2023,Zip_Code,33634,7650,677,3191,3782,Hillsborough County
33635,Florida,2023,Zip_Code,33635,7521,616,2564,4341,Hillsborough County
33637,Florida,2023,Zip_Code,33637,7720,1023,3467,3230,Hillsborough County
33647,Florida,2023,Zip_Code,33647,26825,2325,6205,18295,Hillsborough County
33701,Florida,2023,Zip_Code,33701,10332,1252,3797,5283,Pinellas County
33702,Florida,2023,Zip_Code,33702,14127,2042,5135,6950,Pinellas County
33703,Florida,2023,Zip_Code,33703,11110,728,3172,7210,Pinellas County
33704,Florida,2023,Zip_Code,33704,7856,452,2252,5152,Pinellas County
33705,Florida,2023,Zip_Code,33705,11500,1670,3778,6052,Pinellas County
33706,Florida,2023,Zip_Code,33706,8569,521,2354,5694,Pinellas County
33707,Florida,2023,Zip_Code,33707,12645,1581,4714,6350,Pinellas County
33708,Florida,2023,Zip_Code,33708,8052,620,2617,4815,Pinellas County
33709,Florida,2023,Zip_Code,33709,11144,1679,5129,4336,Pinellas County
33710,Florida,2023,Zip_Code,33710,14901,1330,4887,8684,Pinellas County
33711,Florida,2023,Zip_Code,33711,6697,1076,2202,3419,Pinellas County
33712,Florida,2023,Zip_Code,33712,10082,1794,3982,4306,Pinellas County
33713,Florida,2023,Zip_Code,33713,14468,1705,5151,7612,Pinellas County
33714,Florida,2023,Zip_Code,33714,8275,1359,3947,2969,Pinellas County
33715,Florida,2023,Zip_Code,33715,3986,218,974,2794,Pinellas County
33716,Florida,2023,Zip_Code,33716,10194,1032,3553,5609,Pinellas County
33755,Florida,2023,Zip_Code,33755,10572,1495,4325,4752,Pinellas County
33756,Florida,2023,Zip_Code,33756,12948,1718,4953,6277,Pinellas County
33759,Florida,2023,Zip_Code,33759,7722,998,3006,3718,Pinellas County
33760,Florida,2023,Zip_Code,33760,7594,1302,2840,3452,Pinellas County
33761,Florida,2023,Zip_Code,33761,8635,842,3087,4706,Pinellas County
33762,Florida,2023,Zip_Code,33762,2591,213,741,1637,Pinellas County
33763,Florida,2023,Zip_Code,33763,9919,1340,4548,4031,Pinellas County
33764,Florida,2023,Zip_Code,33764,12624,1741,4454,6429,Pinellas County
33765,Florida,2023,Zip_Code,33765,6126,1042,2110,2974,Pinellas County
33767,Florida,2023,Zip_Code,33767,4096,385,1032,2679,Pinellas County
33770,Florida,2023,Zip_Code,33770,11190,1788,4475,4927,Pinellas County
33771,Florida,2023,Zip_Code,33771,13179,1331,6098,5750,Pinellas County
33772,Florida,2023,Zip_Code,33772,10298,973,3749,5576,Pinellas County
33773,Florida,2023,Zip_Code,33773,7015,932,2169,3914,Pinellas County
33774,Florida,2023,Zip_Code,33774,8336,914,2810,4612,Pinellas County
33776,Florida,2023,Zip_Code,33776,4966,315,1216,3435,Pinellas County
33777,Florida,2023,Zip_Code,33777,7252,703,2018,4531,Pinellas County
33778,Florida,2023,Zip_Code,33778,6613,765,2604,3244,Pinellas County
33781,Florida,2023,Zip_Code,33781,10723,1742,4236,4745,Pinellas County
33782,Florida,2023,Zip_Code,33782,9351,1193,3478,4680,Pinellas County
33785,Florida,2023,Zip_Code,33785,2506,238,606,1662,Pinellas County
33786,Florida,2023,Zip_Code,33786,693,52,118,523,Pinellas County
33801,Florida,2023,Zip_Code,33801,11782,2446,4999,4337,Polk County
33803,Florida,2023,Zip_Code,33803,12588,1827,4443,6318,Polk County
33805,Florida,2023,Zip_Code,33805,10235,1909,3920,4406,Polk County
33809,Florida,2023,Zip_Code,33809,11633,1136,4332,6165,Polk County
33810,Florida,2023,Zip_Code,33810,19364,1898,6869,10597,Polk County
33811,Florida,2023,Zip_Code,33811,10240,681,2882,6677,Polk County
33812,Florida,2023,Zip_Code,33812,4871,172,1199,3500,Polk County
33813,Florida,2023,Zip_Code,33813,13969,1143,3257,9569,Polk County
33815,Florida,2023,Zip_Code,33815,6197,1562,2907,1728,Polk County
33823,Florida,2023,Zip_Code,33823,13507,1848,4644,7015,Polk County
33825,Florida,2023,Zip_Code,33825,10407,2042,4155,4210,Highlands County
33827,Florida,2023,Zip_Code,33827,851,125,309,417,Polk County
33830,Florida,2023,Zip_Code,33830,10901,1741,3747,5413,Polk County
33834,Florida,2023,Zip_Code,33834,1483,262,490,731,Hardee County
33837,Florida,2023,Zip_Code,33837,15223,2111,4314,8798,Polk County
33838,Florida,2023,Zip_Code,33838,1855,444,810,601,Polk County
33839,Florida,2023,Zip_Code,33839,1349,138,343,868,Polk County
33841,Florida,2023,Zip_Code,33841,3039,844,1099,1096,Polk County
33843,Florida,2023,Zip_Code,33843,4249,714,1738,1797,Polk County
33844,Florida,2023,Zip_Code,33844,16873,2564,6330,7979,Polk County
33847,Florida,2023,Zip_Code,33847,162,13,77,72,Polk County
33848,Florida,2023,Zip_Code,33848,107,0,103,4,Osceola County
33849,Florida,2023,Zip_Code,33849,225,33,69,123,Polk County
33850,Florida,2023,Zip_Code,33850,3921,361,1744,1816,Polk County
33851,Florida,2023,Zip_Code,33851,309,49,86,174,Polk County
33852,Florida,2023,Zip_Code,33852,9784,1305,3607,4872,Highlands County
33853,Florida,2023,Zip_Code,33853,4706,1243,1709,1754,Polk County
33854,Florida,2023,Zip_Code,33854,262,96,77,89,Polk County
33856,Florida,2023,Zip_Code,33856,230,0,183,47,Polk County
33857,Florida,2023,Zip_Code,33857,476,97,152,227,Highlands County
33858,Florida,2023,Zip_Code,33858,126,0,110,16,Polk County
33859,Florida,2023,Zip_Code,33859,4430,847,1335,2248,Polk County
33860,Florida,2023,Zip_Code,33860,8719,1477,2738,4504,Polk County
33865,Florida,2023,Zip_Code,33865,189,36,47,106,Hardee County
33868,Florida,2023,Zip_Code,33868,4213,557,1350,2306,Polk County
33870,Florida,2023,Zip_Code,33870,11092,2333,3823,4936,Highlands County
33872,Florida,2023,Zip_Code,33872,6127,508,1914,3705,Highlands County
33873,Florida,2023,Zip_Code,33873,4982,1481,1330,2171,Hardee County
33875,Florida,2023,Zip_Code,33875,4835,469,1020,3346,Highlands County
33876,Florida,2023,Zip_Code,33876,2779,584,793,1402,Highlands County
33877,Florida,2023,Zip_Code,33877,237,0,93,144,Polk County
33880,Florida,2023,Zip_Code,33880,15071,2984,5326,6761,Polk County
33881,Florida,2023,Zip_Code,33881,14889,2583,6082,6224,Polk County
33884,Florida,2023,Zip_Code,33884,13832,1501,4618,7713,Polk County
33890,Florida,2023,Zip_Code,33890,1537,303,416,818,Hardee County
33896,Florida,2023,Zip_Code,33896,8631,757,2770,5104,Polk County
33897,Florida,2023,Zip_Code,33897,10263,968,3173,6122,Polk County
33898,Florida,2023,Zip_Code,33898,7327,763,3298,3266,Polk County
33901,Florida,2023,Zip_Code,33901,9430,1620,4180,3630,Lee County
33903,Florida,2023,Zip_Code,33903,11671,1453,5211,5007,Lee County
33904,Florida,2023,Zip_Code,33904,14782,1313,6094,7375,Lee County
33905,Florida,2023,Zip_Code,33905,14906,2052,5372,7482,Lee County
33907,Florida,2023,Zip_Code,33907,11132,1892,6043,3197,Lee County
33908,Florida,2023,Zip_Code,33908,19836,1685,7017,11134,Lee County
33909,Florida,2023,Zip_Code,33909,12801,964,4862,6975,Lee County
33912,Florida,2023,Zip_Code,33912,8609,601,2235,5773,Lee County
33913,Florida,2023,Zip_Code,33913,11523,689,2299,8535,Lee County
33914,Florida,2023,Zip_Code,33914,18054,1463,6627,9964,Lee County
33916,Florida,2023,Zip_Code,33916,10426,2376,4713,3337,Lee County
33917,Florida,2023,Zip_Code,33917,14912,2725,6173,6014,Lee County
33919,Florida,2023,Zip_Code,33919,14987,1544,5155,8288,Lee County
33920,Florida,2023,Zip_Code,33920,2839,231,786,1822,Lee County
33921,Florida,2023,Zip_Code,33921,327,59,51,217,Lee County
33922,Florida,2023,Zip_Code,33922,1749,204,646,899,Lee County
33928,Florida,2023,Zip_Code,33928,14289,896,3640,9753,Lee County
33930,Florida,2023,Zip_Code,33930,358,57,18,283,Hendry County
33931,Florida,2023,Zip_Code,33931,4630,547,1388,2695,Lee County
33935,Florida,2023,Zip_Code,33935,7732,1381,3066,3285,Hendry County
33936,Florida,2023,Zip_Code,33936,10044,2371,4483,3190,Lee County
33944,Florida,2023,Zip_Code,33944,107,0,99,8,Glades County
33946,Florida,2023,Zip_Code,33946,1357,28,431,898,Charlotte County
33947,Florida,2023,Zip_Code,33947,5094,397,1728,2969,Charlotte County
33948,Florida,2023,Zip_Code,33948,7932,539,3517,3876,Charlotte County
33950,Florida,2023,Zip_Code,33950,12281,1167,3847,7267,Charlotte County
33952,Florida,2023,Zip_Code,33952,14600,2060,6165,6375,Charlotte County
33953,Florida,2023,Zip_Code,33953,2971,228,878,1865,Charlotte County
33954,Florida,2023,Zip_Code,33954,4735,218,1644,2873,Charlotte County
33955,Florida,2023,Zip_Code,33955,5061,450,1572,3039,Charlotte County
33956,Florida,2023,Zip_Code,33956,1852,216,727,909,Lee County
33957,Florida,2023,Zip_Code,33957,3309,304,724,2281,Lee County
33960,Florida,2023,Zip_Code,33960,331,77,111,143,Highlands County
33966,Florida,2023,Zip_Code,33966,5452,349,1653,3450,Lee County
33967,Florida,2023,Zip_Code,33967,10036,954,2960,6122,Lee County
33971,Florida,2023,Zip_Code,33971,8284,743,3332,4209,Lee County
33972,Florida,2023,Zip_Code,33972,4738,617,1702,2419,Lee County
33973,Florida,2023,Zip_Code,33973,4086,1162,1400,1524,Lee County
33974,Florida,2023,Zip_Code,33974,5393,795,2301,2297,Lee County
33976,Florida,2023,Zip_Code,33976,5124,578,2545,2001,Lee County
33980,Florida,2023,Zip_Code,33980,6102,786,2262,3054,Charlotte County
33981,Florida,2023,Zip_Code,33981,6341,555,2129,3657,Charlotte County
33982,Florida,2023,Zip_Code,33982,4798,299,1939,2560,Charlotte County
33983,Florida,2023,Zip_Code,33983,7796,571,2985,4240,Charlotte County
33990,Florida,2023,Zip_Code,33990,13606,1598,5387,6621,Lee County
33991,Florida,2023,Zip_Code,33991,9862,764,3205,5893,Lee County
33993,Florida,2023,Zip_Code,33993,11160,1466,2848,6846,Lee County
34102,Florida,2023,Zip_Code,34102,5434,552,1555,3327,Collier County
34103,Florida,2023,Zip_Code,34103,5535,428,1378,3729,Collier County
34104,Florida,2023,Zip_Code,34104,11521,1163,5048,5310,Collier County
34105,Florida,2023,Zip_Code,34105,7885,678,2621,4586,Collier County
34108,Florida,2023,Zip_Code,34108,8461,486,2328,5647,Collier County
34109,Florida,2023,Zip_Code,34109,11991,1235,3566,7190,Collier County
34110,Florida,2023,Zip_Code,34110,12765,1147,4116,7502,Collier County
34112,Florida,2023,Zip_Code,34112,13191,1347,5544,6300,Collier County
34113,Florida,2023,Zip_Code,34113,10689,1154,4021,5514,Collier County
34114,Florida,2023,Zip_Code,34114,10205,797,4013,5395,Collier County
34116,Florida,2023,Zip_Code,34116,10345,1145,4825,4375,Collier County
34117,Florida,2023,Zip_Code,34117,5540,380,1738,3422,Collier County
34119,Florida,2023,Zip_Code,34119,14640,978,4117,9545,Collier County
34120,Florida,2023,Zip_Code,34120,14400,1239,4019,9142,Collier County
34134,Florida,2023,Zip_Code,34134,8673,387,2094,6192,Lee County
34135,Florida,2023,Zip_Code,34135,20405,1709,6072,12624,Lee County
34137,Florida,2023,Zip_Code,34137,173,24,69,80,Collier County
34138,Florida,2023,Zip_Code,34138,309,0,137,172,Collier County
34139,Florida,2023,Zip_Code,34139,129,6,60,63,Collier County
34142,Florida,2023,Zip_Code,34142,8647,1846,3806,2995,Collier County
34145,Florida,2023,Zip_Code,34145,8433,665,2342,5426,Collier County
34201,Florida,2023,Zip_Code,34201,1872,122,276,1474,Manatee County
34202,Florida,2023,Zip_Code,34202,10795,578,2076,8141,Manatee County
34203,Florida,2023,Zip_Code,34203,16885,1694,6780,8411,Manatee County
34205,Florida,2023,Zip_Code,34205,13317,1899,6189,5229,Manatee County
34207,Florida,2023,Zip_Code,34207,14716,2230,7502,4984,Manatee County
34208,Florida,2023,Zip_Code,34208,14667,2046,5926,6695,Manatee County
34209,Florida,2023,Zip_Code,34209,14814,1212,4552,9050,Manatee County
34210,Florida,2023,Zip_Code,34210,8109,1143,2985,3981,Manatee County
34211,Florida,2023,Zip_Code,34211,7827,735,1428,5664,Manatee County
34212,Florida,2023,Zip_Code,34212,9337,274,2269,6794,Manatee County
34215,Florida,2023,Zip_Code,34215,362,10,165,187,Manatee County
34216,Florida,2023,Zip_Code,34216,489,25,134,330,Manatee County
34217,Florida,2023,Zip_Code,34217,2092,130,733,1229,Manatee County
34219,Florida,2023,Zip_Code,34219,11155,459,2662,8034,Manatee County
34221,Florida,2023,Zip_Code,34221,20419,2157,7061,11201,Manatee County
34222,Florida,2023,Zip_Code,34222,6209,644,2453,3112,Manatee County
34223,Florida,2023,Zip_Code,34223,10021,662,4090,5269,Sarasota County
34224,Florida,2023,Zip_Code,34224,7829,931,3064,3834,Charlotte County
34228,Florida,2023,Zip_Code,34228,4172,207,854,3111,Sarasota County
34229,Florida,2023,Zip_Code,34229,3516,284,883,2349,Sarasota County
34231,Florida,2023,Zip_Code,34231,15529,1499,5948,8082,Sarasota County
34232,Florida,2023,Zip_Code,34232,15335,1445,4971,8919,Sarasota County
34233,Florida,2023,Zip_Code,34233,8366,630,2969,4767,Sarasota County
34234,Florida,2023,Zip_Code,34234,8989,1761,3357,3871,Sarasota County
34235,Florida,2023,Zip_Code,34235,7002,722,2294,3986,Sarasota County
34236,Florida,2023,Zip_Code,34236,7954,731,2273,4950,Sarasota County
34237,Florida,2023,Zip_Code,34237,7365,618,3268,3479,Sarasota County
34238,Florida,2023,Zip_Code,34238,11596,813,3197,7586,Sarasota County
34239,Florida,2023,Zip_Code,34239,6865,668,2353,3844,Sarasota County
34240,Florida,2023,Zip_Code,34240,6416,259,1390,4767,Sarasota County
34241,Florida,2023,Zip_Code,34241,5983,456,1154,4373,Sarasota County
34242,Florida,2023,Zip_Code,34242,4136,287,962,2887,Sarasota County
34243,Florida,2023,Zip_Code,34243,13577,906,4299,8372,Manatee County
34250,Florida,2023,Zip_Code,34250,190,14,11,165,Manatee County
34251,Florida,2023,Zip_Code,34251,2193,203,633,1357,Manatee County
34266,Florida,2023,Zip_Code,34266,10205,2214,3958,4033,DeSoto County
34268,Florida,2023,Zip_Code,34268,122,0,100,22,DeSoto County
34269,Florida,2023,Zip_Code,34269,2295,199,948,1148,DeSoto County
34275,Florida,2023,Zip_Code,34275,10933,1088,3318,6527,Sarasota County
34285,Florida,2023,Zip_Code,34285,10405,798,4367,5240,Sarasota County
34286,Florida,2023,Zip_Code,34286,8230,434,3328,4468,Sarasota County
34287,Florida,2023,Zip_Code,34287,11705,1031,5068,5606,Sarasota County
34288,Florida,2023,Zip_Code,34288,5847,443,1948,3456,Sarasota County
34289,Florida,2023,Zip_Code,34289,1498,32,302,1164,Sarasota County
34291,Florida,2023,Zip_Code,34291,3032,173,911,1948,Sarasota County
34292,Florida,2023,Zip_Code,34292,8338,523,2791,5024,Sarasota County
34293,Florida,2023,Zip_Code,34293,23281,1579,7000,14702,Sarasota County
34420,Florida,2023,Zip_Code,34420,7372,1316,2691,3365,Marion County
34428,Florida,2023,Zip_Code,34428,4331,1111,1358,1862,Citrus County
34429,Florida,2023,Zip_Code,34429,4243,465,1488,2290,Citrus County
34431,Florida,2023,Zip_Code,34431,3945,621,1722,1602,Marion County
34432,Florida,2023,Zip_Code,34432,5800,965,2388,2447,Marion County
34433,Florida,2023,Zip_Code,34433,3127,593,811,1723,Citrus County
34434,Florida,2023,Zip_Code,34434,4090,454,1501,2135,Citrus County
34436,Florida,2023,Zip_Code,34436,3588,784,1145,1659,Citrus County
34442,Florida,2023,Zip_Code,34442,7976,1235,2540,4201,Citrus County
34446,Florida,2023,Zip_Code,34446,8564,1164,2515,4885,Citrus County
34448,Florida,2023,Zip_Code,34448,4696,939,1733,2024,Citrus County
34449,Florida,2023,Zip_Code,34449,1539,377,378,784,Levy County
34450,Florida,2023,Zip_Code,34450,5053,927,1813,2313,Citrus County
34452,Florida,2023,Zip_Code,34452,5727,575,2065,3087,Citrus County
34453,Florida,2023,Zip_Code,34453,4666,593,1610,2463,Citrus County
34461,Florida,2023,Zip_Code,34461,4844,373,1807,2664,Citrus County
34465,Florida,2023,Zip_Code,34465,8541,1296,3022,4223,Citrus County
34470,Florida,2023,Zip_Code,34470,9241,1144,4256,3841,Marion County
34471,Florida,2023,Zip_Code,34471,10877,1765,3579,5533,Marion County
34472,Florida,2023,Zip_Code,34472,12978,1910,4362,6706,Marion County
34473,Florida,2023,Zip_Code,34473,8411,827,2559,5025,Marion County
34474,Florida,2023,Zip_Code,34474,8358,914,3119,4325,Marion County
34475,Florida,2023,Zip_Code,34475,4800,1801,1746,1253,Marion County
34476,Florida,2023,Zip_Code,34476,11940,831,4186,6923,Marion County
34479,Florida,2023,Zip_Code,34479,5431,753,2117,2561,Marion County
34480,Florida,2023,Zip_Code,34480,8901,767,2629,5505,Marion County
34481,Florida,2023,Zip_Code,34481,13352,1655,5028,6669,Marion County
34482,Florida,2023,Zip_Code,34482,7965,721,2587,4657,Marion County
34484,Florida,2023,Zip_Code,34484,2472,311,609,1552,Sumter County
34488,Florida,2023,Zip_Code,34488,5080,954,2421,1705,Marion County
34491,Florida,2023,Zip_Code,34491,14070,1741,4462,7867,Marion County
34498,Florida,2023,Zip_Code,34498,296,51,80,165,Levy County
34601,Florida,2023,Zip_Code,34601,10294,2089,4327,3878,Hernando County
34602,Florida,2023,Zip_Code,34602,3612,427,1316,1869,Hernando County
34604,Florida,2023,Zip_Code,34604,4597,394,1396,2807,Hernando County
34606,Florida,2023,Zip_Code,34606,12466,1747,6032,4687,Hernando County
34607,Florida,2023,Zip_Code,34607,3933,530,1594,1809,Hernando County
34608,Florida,2023,Zip_Code,34608,14230,1661,6284,6285,Hernando County
34609,Florida,2023,Zip_Code,34609,17063,1704,5631,9728,Hernando County
34610,Florida,2023,Zip_Code,34610,5827,724,2198,2905,Pasco County
34613,Florida,2023,Zip_Code,34613,8696,850,4325,3521,Hernando County
34614,Florida,2023,Zip_Code,34614,3201,318,1027,1856,Hernando County
34637,Florida,2023,Zip_Code,34637,3603,172,922,2509,Pasco County
34638,Florida,2023,Zip_Code,34638,11381,788,2439,8154,Pasco County
34639,Florida,2023,Zip_Code,34639,10606,926,2503,7177,Pasco County
34652,Florida,2023,Zip_Code,34652,11760,1578,6101,4081,Pasco County
34653,Florida,2023,Zip_Code,34653,15824,2096,9245,4483,Pasco County
34654,Florida,2023,Zip_Code,34654,9340,1365,3653,4322,Pasco County
34655,Florida,2023,Zip_Code,34655,18765,1418,6497,10850,Pasco County
34661,Florida,2023,Zip_Code,34661,174,59,97,18,Hernando County
34667,Florida,2023,Zip_Code,34667,15114,2509,7486,5119,Pasco County
34668,Florida,2023,Zip_Code,34668,20627,3692,11264,5671,Pasco County
34669,Florida,2023,Zip_Code,34669,5879,1018,2768,2093,Pasco County
34677,Florida,2023,Zip_Code,34677,8914,635,2997,5282,Pinellas County
34681,Florida,2023,Zip_Code,34681,502,0,173,329,Pinellas County
34683,Florida,2023,Zip_Code,34683,13868,1269,3920,8679,Pinellas County
34684,Florida,2023,Zip_Code,34684,12686,1606,4630,6450,Pinellas County
34685,Florida,2023,Zip_Code,34685,7286,531,2219,4536,Pinellas County
34688,Florida,2023,Zip_Code,34688,3322,250,874,2198,Pinellas County
34689,Florida,2023,Zip_Code,34689,12323,1618,4474,6231,Pinellas County
34690,Florida,2023,Zip_Code,34690,5518,868,3300,1350,Pasco County
34691,Florida,2023,Zip_Code,34691,9405,1711,4822,2872,Pasco County
34695,Florida,2023,Zip_Code,34695,7293,527,2026,4740,Pinellas County
34698,Florida,2023,Zip_Code,34698,18161,1730,7061,9370,Pinellas County
34705,Florida,2023,Zip_Code,34705,1115,151,434,530,Lake County
34711,Florida,2023,Zip_Code,34711,25763,1789,8248,15726,Lake County
34714,Florida,2023,Zip_Code,34714,9507,616,3884,5007,Lake County
34715,Florida,2023,Zip_Code,34715,8342,495,2160,5687,Lake County
34731,Florida,2023,Zip_Code,34731,5088,570,2196,2322,Lake County
34734,Florida,2023,Zip_Code,34734,1229,93,458,678,Orange County
34736,Florida,2023,Zip_Code,34736,9425,484,3178,5763,Lake County
34737,Florida,2023,Zip_Code,34737,1778,74,824,880,Lake County
34739,Florida,2023,Zip_Code,34739,371,70,141,160,Osceola County
34741,Florida,2023,Zip_Code,34741,18973,4272,8505,6196,Osceola County
34743,Florida,2023,Zip_Code,34743,12154,1490,5509,5155,Osceola County
34744,Florida,2023,Zip_Code,34744,20747,2809,7889,10049,Osceola County
34746,Florida,2023,Zip_Code,34746,18184,2207,7786,8191,Osceola County
34747,Florida,2023,Zip_Code,34747,10522,810,3827,5885,Osceola County
34748,Florida,2023,Zip_Code,34748,21147,2943,10047,8157,Lake County
34753,Florida,2023,Zip_Code,34753,2215,113,862,1240,Lake County
34756,Florida,2023,Zip_Code,34756,1413,58,291,1064,Lake County
34758,Florida,2023,Zip_Code,34758,12792,1189,5680,5923,Osceola County
34759,Florida,2023,Zip_Code,34759,14864,2329,5011,7524,Polk County
34760,Florida,2023,Zip_Code,34760,236,55,8,173,Orange County
34761,Florida,2023,Zip_Code,34761,14153,1210,4094,8849,Orange County
34762,Florida,2023,Zip_Code,34762,187,0,61,126,Lake County
34769,Florida,2023,Zip_Code,34769,9800,1372,4305,4123,Osceola County
34771,Florida,2023,Zip_Code,34771,9781,733,2171,6877,Osceola County
34772,Florida,2023,Zip_Code,34772,10962,670,3404,6888,Osceola County
34773,Florida,2023,Zip_Code,34773,1794,191,777,826,Osceola County
34785,Florida,2023,Zip_Code,34785,5681,671,2997,2013,Sumter County
34786,Florida,2023,Zip_Code,34786,15082,757,2925,11400,Orange County
34787,Florida,2023,Zip_Code,34787,30658,2353,6675,21630,Orange County
34788,Florida,2023,Zip_Code,34788,9374,1043,4486,3845,Lake County
34797,Florida,2023,Zip_Code,34797,582,18,185,379,Lake County
34945,Florida,2023,Zip_Code,34945,1788,159,656,973,St. Lucie County
34946,Florida,2023,Zip_Code,34946,2721,841,1266,614,St. Lucie County
34947,Florida,2023,Zip_Code,34947,4197,1180,1630,1387,St. Lucie County
34949,Florida,2023,Zip_Code,34949,4214,408,1239,2567,St. Lucie County
34950,Florida,2023,Zip_Code,34950,7001,2592,2741,1668,St. Lucie County
34951,Florida,2023,Zip_Code,34951,7078,655,3040,3383,St. Lucie County
34952,Florida,2023,Zip_Code,34952,17919,2121,7722,8076,St. Lucie County
34953,Florida,2023,Zip_Code,34953,26723,1752,9318,15653,St. Lucie County
34956,Florida,2023,Zip_Code,34956,2186,426,841,919,Martin County
34957,Florida,2023,Zip_Code,34957,11235,1158,4435,5642,Martin County
34972,Florida,2023,Zip_Code,34972,5979,1120,2246,2613,Okeechobee County
34974,Florida,2023,Zip_Code,34974,10564,1746,4516,4302,Okeechobee County
34981,Florida,2023,Zip_Code,34981,1984,279,724,981,St. Lucie County
34982,Florida,2023,Zip_Code,34982,10978,1517,5134,4327,St. Lucie County
34983,Florida,2023,Zip_Code,34983,16723,1296,6392,9035,St. Lucie County
34984,Florida,2023,Zip_Code,34984,6743,863,1968,3912,St. Lucie County
34986,Florida,2023,Zip_Code,34986,12393,539,3886,7968,St. Lucie County
34987,Florida,2023,Zip_Code,34987,7822,560,2179,5083,St. Lucie County
34990,Florida,2023,Zip_Code,34990,11970,686,2338,8946,Martin County
34994,Florida,2023,Zip_Code,34994,8264,1322,2983,3959,Martin County
34996,Florida,2023,Zip_Code,34996,5720,490,1942,3288,Martin County
34997,Florida,2023,Zip_Code,34997,19185,2151,6355,10679,Martin County